group,function,value,throughput_num,throughput_type,sample_measured_value,unit,iteration_count
end2end,middleware_b2560,,1,elements,320521921.0,ns,1
end2end,middleware_b2560,,1,elements,318563695.0,ns,1
end2end,middleware_b2560,,1,elements,305195305.0,ns,1
end2end,middleware_b2560,,1,elements,312476041.0,ns,1
end2end,middleware_b2560,,1,elements,313963212.0,ns,1
end2end,middleware_b2560,,1,elements,304132626.0,ns,1
end2end,middleware_b2560,,1,elements,301165767.0,ns,1
end2end,middleware_b2560,,1,elements,297410929.0,ns,1
end2end,middleware_b2560,,1,elements,305558667.0,ns,1
end2end,middleware_b2560,,1,elements,308353654.0,ns,1
end2end,middleware_b2560,,1,elements,301539669.0,ns,1
end2end,middleware_b2560,,1,elements,307880428.0,ns,1
end2end,middleware_b2560,,1,elements,318815721.0,ns,1
end2end,middleware_b2560,,1,elements,316598815.0,ns,1
end2end,middleware_b2560,,1,elements,304021978.0,ns,1
end2end,middleware_b2560,,1,elements,310543104.0,ns,1
end2end,middleware_b2560,,1,elements,301374583.0,ns,1
end2end,middleware_b2560,,1,elements,302852240.0,ns,1
end2end,middleware_b2560,,1,elements,309487730.0,ns,1
end2end,middleware_b2560,,1,elements,304189125.0,ns,1
end2end,middleware_b2560,,1,elements,302854614.0,ns,1
end2end,middleware_b2560,,1,elements,310833730.0,ns,1
end2end,middleware_b2560,,1,elements,309479497.0,ns,1
end2end,middleware_b2560,,1,elements,325622849.0,ns,1
end2end,middleware_b2560,,1,elements,298552023.0,ns,1
end2end,middleware_b2560,,1,elements,293551211.0,ns,1
end2end,middleware_b2560,,1,elements,293575883.0,ns,1
end2end,middleware_b2560,,1,elements,302640264.0,ns,1
end2end,middleware_b2560,,1,elements,307194588.0,ns,1
end2end,middleware_b2560,,1,elements,312231660.0,ns,1
end2end,middleware_b2560,,1,elements,317029521.0,ns,1
end2end,middleware_b2560,,1,elements,314305181.0,ns,1
end2end,middleware_b2560,,1,elements,302217856.0,ns,1
end2end,middleware_b2560,,1,elements,305864870.0,ns,1
end2end,middleware_b2560,,1,elements,302392204.0,ns,1
end2end,middleware_b2560,,1,elements,301669564.0,ns,1
end2end,middleware_b2560,,1,elements,306381203.0,ns,1
end2end,middleware_b2560,,1,elements,313486664.0,ns,1
end2end,middleware_b2560,,1,elements,321417748.0,ns,1
end2end,middleware_b2560,,1,elements,312675391.0,ns,1
end2end,middleware_b2560,,1,elements,306567097.0,ns,1
end2end,middleware_b2560,,1,elements,310438963.0,ns,1
end2end,middleware_b2560,,1,elements,299387440.0,ns,1
end2end,middleware_b2560,,1,elements,304017454.0,ns,1
end2end,middleware_b2560,,1,elements,307323304.0,ns,1
end2end,middleware_b2560,,1,elements,303408181.0,ns,1
end2end,middleware_b2560,,1,elements,291690604.0,ns,1
end2end,middleware_b2560,,1,elements,307102407.0,ns,1
end2end,middleware_b2560,,1,elements,300050350.0,ns,1
end2end,middleware_b2560,,1,elements,297553363.0,ns,1
end2end,middleware_b2560,,1,elements,312384804.0,ns,1
end2end,middleware_b2560,,1,elements,312889592.0,ns,1
end2end,middleware_b2560,,1,elements,300360873.0,ns,1
end2end,middleware_b2560,,1,elements,303302558.0,ns,1
end2end,middleware_b2560,,1,elements,303290063.0,ns,1
end2end,middleware_b2560,,1,elements,307937939.0,ns,1
end2end,middleware_b2560,,1,elements,309164514.0,ns,1
end2end,middleware_b2560,,1,elements,315082591.0,ns,1
end2end,middleware_b2560,,1,elements,314979157.0,ns,1
end2end,middleware_b2560,,1,elements,307252071.0,ns,1
end2end,middleware_b2560,,1,elements,303551080.0,ns,1
end2end,middleware_b2560,,1,elements,302705235.0,ns,1
end2end,middleware_b2560,,1,elements,296376670.0,ns,1
end2end,middleware_b2560,,1,elements,301875714.0,ns,1
end2end,middleware_b2560,,1,elements,296304239.0,ns,1
end2end,middleware_b2560,,1,elements,304595878.0,ns,1
end2end,middleware_b2560,,1,elements,296337585.0,ns,1
end2end,middleware_b2560,,1,elements,306620419.0,ns,1
end2end,middleware_b2560,,1,elements,297026435.0,ns,1
end2end,middleware_b2560,,1,elements,318420280.0,ns,1
end2end,middleware_b2560,,1,elements,297016847.0,ns,1
end2end,middleware_b2560,,1,elements,295479202.0,ns,1
end2end,middleware_b2560,,1,elements,298870044.0,ns,1
end2end,middleware_b2560,,1,elements,292233840.0,ns,1
end2end,middleware_b2560,,1,elements,314133501.0,ns,1
end2end,middleware_b2560,,1,elements,293123828.0,ns,1
end2end,middleware_b2560,,1,elements,305641758.0,ns,1
end2end,middleware_b2560,,1,elements,298501565.0,ns,1
end2end,middleware_b2560,,1,elements,305771973.0,ns,1
end2end,middleware_b2560,,1,elements,293239900.0,ns,1
end2end,middleware_b2560,,1,elements,295994043.0,ns,1
end2end,middleware_b2560,,1,elements,323777791.0,ns,1
end2end,middleware_b2560,,1,elements,305607753.0,ns,1
end2end,middleware_b2560,,1,elements,301651436.0,ns,1
end2end,middleware_b2560,,1,elements,315680287.0,ns,1
end2end,middleware_b2560,,1,elements,298110749.0,ns,1
end2end,middleware_b2560,,1,elements,306569100.0,ns,1
end2end,middleware_b2560,,1,elements,299149403.0,ns,1
end2end,middleware_b2560,,1,elements,294314646.0,ns,1
end2end,middleware_b2560,,1,elements,289460256.0,ns,1
end2end,middleware_b2560,,1,elements,310462975.0,ns,1
end2end,middleware_b2560,,1,elements,296785695.0,ns,1
end2end,middleware_b2560,,1,elements,294904086.0,ns,1
end2end,middleware_b2560,,1,elements,304061566.0,ns,1
end2end,middleware_b2560,,1,elements,308859291.0,ns,1
end2end,middleware_b2560,,1,elements,315645070.0,ns,1
end2end,middleware_b2560,,1,elements,305189239.0,ns,1
end2end,middleware_b2560,,1,elements,302295070.0,ns,1
end2end,middleware_b2560,,1,elements,312470117.0,ns,1
end2end,middleware_b2560,,1,elements,294248079.0,ns,1
